fullName,id
Curtis Hodges,4242896
D.J. Davidson,4242899
DeMarquis Gates,3128747
Roquan Smith,3915189
Jaydon Blue,4685279
Luther Burden III,4685278
Tre Avery,4259300
Olakunle Fatukasi,4259299
Jihaad Campbell,4685287
Bo Melton,4259305
Raheem Blackshear,4259308
Tae Crowder,3915171
Isaiah McKenzie,3128724
DeAndre Hopkins,15795
Nick Chubb,3128720
Lorenzo Carter,3128715
Travis Vokolek,4259324
Cordarrelle Patterson,15807
Keenan Allen,15818
Tanner McKee,4685201
Zach Ertz,15835
Ethan Fernea,4062711
Marquise Goodwin,15839
Johnathan Hankins,15841
Duron Harmon,15842
John Jenkins,15846
Travis Kelce,15847
Tyrann Mathieu,15851
Swayze Bozeman,4570546
Jaden Hicks,4685232
Josh Hines-Allen,3915239
James Pierre,4259252
Logan Ryan,15861
Darius Slay,15863
Geno Smith,15864
Eric Gray,4570561
Braelon Allen,4685247
Jonah Laulu,4373956
Robert Woods,15880
Shemar James,4685400
Jordan James,4685397
Will Johnson,4685408
Travis Hunter,4685415
Ke'Shawn Williams,4570738
Latavius Murray,15920
Sam Martin,15928
Will Harris,3915297
Stantley Thomas-Oliver III,4046353
Viliami Fehoko Jr.,4374148
Zach Allen,3915282
Tommy Townsend,3915398
Matt Barkley,15948
Darrell Taylor,3915396
Jermar Jefferson,4374033
Kitan Oladapo,4374037
Micah Hyde,15960
Teagan Quitoriano,4374045
A.J. Klein,15964
John Kelly Jr.,3915381
Dustin Hopkins,15965
Darnay Holmes,4242973
Jaelan Phillips,4242975
Micah Abernathy,3915373
Trevor Etienne,4685350
Jalen Harris,4259370
Jordan Poyer,15979
Cam Smith,4570672
Kevin Harris,4570674
Dylan Horton,4374066
Arron Mosby,4242996
Ronnie Rivers,4243003
Caden Davis,4570688
Jordan Mims,4243004
Mykal Walker,4243009
Kyle Juszczyk,16002
Omarion Hampton,4685382
David Long Jr.,4046536
Joshua Metellus,4046537
William Gholston,16019
Joshua Uche,4046528
Malaki Starks,4685530
Chris Evans,4046530
Rashan Gary,4046523
Laviska Shenault Jr.,4243160
Ameer Speed,4259546
Khaleke Hudson,4046525
D'Andre Swift,4259545
Malik Herring,4259547
Stetson Bennett IV,4259553
Isaiah Oliver,3915437
Robert Beal Jr.,4259558
Brady Russell,4243176
Eric Stokes,4259561
Nate Landman,4243181
Matthew Golden,4701936
Shemar Stewart,4685562
Darnell Savage,3915419
Teair Tart,4374269
Ty Johnson,3915411
DJ Moore,3915416
Tariq Castro-Fields,4259590
Sean Clifford,4259592
Yetur Gross-Matos,4259594
Edefuan Ulofoshio,4374280
Dre'Mont Jones,3915525
AJ Parker,4046592
Stephen Carlson,3948283
DaVon Hamilton,3915520
Austin Ajiake,4374171
Tetairoa McMillan,4685472
Jerome Baker,3915507
Joe Burrow,3915511
Javon Kinlaw,4259491
Keisean Nixon,4259493
Damon Arnette,3915506
Deven Thompkins,4374187
Tyler Conklin,3915486
Bhayshul Tuten,4882093
Mike Danna,3915487
Walter Nolen III,4685503
Michael Dwumfour,4046544
Anthony Pittman,4423367
Ryan Griffin,16140
Tress Way,16166
Salvon Ahmed,4243315
Terrell Bynum,4243319
Alex Cook,4243320
Ali Gaye,4243321
Jake Haener,4243322
Elijah Molden,4243328
Tony Jefferson,16195
Cade Otton,4243331
Keith Taylor,4243332
Joe Tryon-Shoyinka,4243333
Quinshon Judkins,4685702
Denzel Ward,3915535
Marlon Tuipulotu,4243218
Naquan Jones,4046716
Trishton Jackson,4046715
Amon-Ra St. Brown,4374302
Jalon Walker,4685597
Azareye'h Thomas,4685596
Blake Grupe,4259619
Marquise Blair,4243244
Kevin Winston Jr.,4685617
Chase Claypool,4046692
Isaiah Pola-Mao,4259632
Brad Wing,16241
Adetokunbo Ogundeji,4046693
Vi Jones,4259636
Julian Okwara,4046690
Jaylon Johnson,4243253
Mykel Williams,4685623
Devin Lloyd,4243256
Jalen Elliott,4046680
Troy Pride Jr.,4046679
Josh Johnson,4390717
Tony Jones Jr.,4046676
Julian Love,4046675
Jay Tufele,4259647
Steven Gilmore,4374338
Ian Book,4046678
Brandon Pili,4259651
Willie Gay Jr.,4259804
Cody Davis,16286
DeAngelo Malone,4243457
Brandon McManus,16339
Drew Sanders,4685721
Bryce Young,4685720
Will Anderson Jr.,4685724
Jacob Harris,3932144
J.J. Russell,4243366
Riley Patterson,4243371
Jonathan Ford,4259762
Mike Purcell,16377
Calvin Austin III,4243389
Jalen Carter,4685759
Drue Tranquill,3129310
Gabe Davis,4243537
Broderick Washington Jr.,3915837
Nic Scourton,4833355
Kalia Davis,4243541
Sebastian Joseph-Day,3047495
Tony Brown,3915821
Lucky Jackson,3915802
Josh Ali,4259976
Quinton Bohanna,4259978
Adam Thielen,16460
Jalyx Hunt,4571162
David Wells,3047536
Keion White,4243493
Brett Maher,16486
Calvin Munson,3047530
Robert Spillane,3129446
Braylon Sanders,4259908
Donovan McMillon,4686027
Tyler Johnson,2310331
Zayne Anderson,3932335
Myles Jack,3047566
Miles Boykin,3932423
Lynn Bowden Jr.,4259979
Darrell Luter Jr.,4685978
Phil Hoskins,4259989
Josh Paschal,4259994
Jamie Sheriff,4685984
Joe Gaziano,3915990
Bobby Price,4030779
Zyon Gilbert,4243808
David Long Jr.,3916074
Jaelon Darden,4243830
Kemon Hall,4243831
CJ Okoye,5144942
AJ Cole,3686689
James Smith-Williams,3686690
Equanimeous St. Brown,3932442
Jordan Stout,4260224
Mo Alie-Cox,2998565
Khalil Mack,16710
Anthony Barr,16711
Jalen Guyton,3932430
Aaron Donald,16716
Jimmie Ward,16717
Bradley Roby,16719
C.J. Mosley,16720
Johnny Wilson,4686104
Jason Verrett,16726
Teddy Bridgewater,16728
Brandin Cooks,16731
Odell Beckham Jr.,16733
Tony Pollard,3916148
Jadeveon Clowney,16734
Mike Evans,16737
Arthur Maulet,3916144
Duke Shelley,3916126
Derek Carr,16757
Jimmy Garoppolo,16760
Jordan Matthews,16763
Kyle Van Noy,16772
Trevor Nowaske,5144894
Patrick Johnson,4243916
Jerick McKinnon,16782
Matthew Hayball,4571597
Cam Sample,4243923
Allen Robinson,16799
Davante Adams,16800
DeMarcus Lawrence,16802
KhaDarel Hodge,3047876
James Proche II,3916204
CJ West,4686308
AJ McCarron,16810
Logan Thomas,16813
Reed Blankenship,4243956
Tanoh Kpassagnon,2982313
Brent Urban,16831
Yaya Diaby,4686334
Shelby Harris,16837
Josh Jacobs,4047365
Pat O'Donnell,16863
Gunner Olszewski,4424106
Spencer Shrader,4571557
Shavon Revel Jr.,5095865
Quinyon Mitchell,4686273
Elerson G. Smith,4030924
DaQuan Jones,16910
Quintin Morris,4244049
Xavier Hutchinson,4686422
Tanner Conner,4047422
James Bradberry IV,2572841
Marvin Mims Jr.,4686472
Shaquil Barrett,16967
Perrion Winfrey,4686470
Cam Little,4686361
Jonathan Greenard,3916409
Aidan O'Connell,4260394
Lamar Jackson,3916387
Zander Horvath,4260406
Derrick Barnes,4260409
Jack Fox,3916370
Tyrice Knight,4686540
Tre Hawkins III,4686553
Kerry Hyder Jr.,17068
Nyheim Hines,3916430
Jakobi Meyers,3916433
Diontae Johnson,3932905
Elijah Campbell,3932901
Sean Murphy-Bunting,3932886
Dominique Robinson,4244300
Mike Brown,4244310
Segun Olubi,4260703
Tyler Mabry,3916587
Jaylon Jones,4047655
DK Metcalf,4047650
Carson Wentz,2573079
Cam Lewis,3916577
A.J. Brown,4047646
K.J. Osborn,3916566
Tyree Jackson,3916564
Gunnar Helm,4686728
DJ Turner II,4572036
Ka'dar Hollman,3916676
Mike Pennel,17230
Kobe King,4588300
Tre' Harris,4686612
Willie Snead IV,17258
Maxx Crosby,3916655
Daniel Sorensen,17259
Keith Smith,17315
Damien Williams,17359
Mike Morris,4572055
Chris Boswell,17372
Nolan Cooney,4047860
Cody Schrader,4391845
Chase Lucas,4047846
N'Keal Harry,4047839
Frank Darby,4047836
Christian Gonzalez,4686772
Brenden Rice,4686781
Giovanni Ricci,3916749
Brenden Schooler,4047941
Cairo Santos,17427
Denico Autry,17447
Zaven Collins,4244606
Akayleb Evans,4244607
C.J. Goodwin,17474
Michael Palardy,17475
Nikola Kalinic,4916349
Adrian Phillips,17487
Carlton Davis III,3916923
T.J. Smith,3916917
Byron Cowart,3916922
Tory Taylor,4686889
Dre Greenlaw,3916903
Lukas Van Ness,4686906
Tyler Higbee,2573401
Jakorian Bennett,4686911
Nathan Rourke,4244688
Josh Wallace,4572371
Jordan Jackson,4261090
Javon Hargrave,2983055
Darius Slayton,3916945
Roderic Teamer,3917058
D'vonte Price,4244651
Quinton Bell,3933407
Trevis Gipson,3917016
Elic Ayomanor,4883647
Dom Jones,4572519
Austin Trammell,4244856
Avery Williams,4048259
Alexander Mattison,4048244
John Bates,4048228
Tyler Owens,4572460
Tae Hayes,3917147
Akeem Davis-Gaither,3917142
Tyler Bass,3917232
Tucker Kraft,4572680
Kyler Murray,3917315
MyCole Pruitt,2508256
Dennis Houston,4572786
Zah Frazier,4572685
Jody Fortson,4408854
Jared Ivey,4605478
Dare Ogunbowale,2983509
Decamerion Richardson,4605498
Connor O'Toole,4605491
Robert Rochell,4032200
LaCale London,4376288
Darren Hall,4261606
Jonah Elliss,4687592
Christopher Edmonds,4572922
Tim Jones,4245131
Cam Jackson,4687513
Tay Martin,4245144
Raleigh Webb,4032247
Malik Taylor,4408988
Jeremy Crawshaw,4589212
Easop Winston Jr.,4245174
Tyreik McAllister,4589248
Michael Strachan,4589245
Riq Woolen,4245185
Kevin Byard III,2574056
Kevin Rader,3049290
Adin Huntington,4605792
Ke'Shawn Vaughn,3917612
Christian Elliss,4245273
Alec Ingold,3917668
Zack Baun,3917657
Tyler Hall,4048718
Marcus Harris,4573152
Michael Woods II,4360174
Clayton Tune,4360175
Logan Hall,4360189
Nick Martin,4573188
Nathan Carter,4605841
Alec Pierce,4360078
Myjai Sanders,4360080
Josh Whyle,4360086
Joe Giles-Harris,3917797
Jonah Williams,4032481
Daniel Jones,3917792
Rashid Shaheed,4032473
Ronnie Perkins,4360274
Jalen Redmond,4360277
Kameron Johnson,5097554
DaShaun White,4360289
Brayden Willis,4360290
Delarrin Turner-Yell,4360287
Antonio Gibson,4360294
TJ Carter,4360292
Justyn Ross,4360306
Xavier Thomas,4360304
Mike Jackson,3917853
Trevor Lawrence,4360310
Sheldrick Redwine,3917852
Derion Kendrick,4360307
KJ Henry,4360308
Mario Goodrich,4360318
Lawrence Cager,3917849
Danny Striggow,4573319
Stanley Berryhill,4245639
Dorian Mausi,4573318
Elijah Jones,4360203
Steven Sims,3917960
Evan McPherson,4360234
Lucas Krull,4360231
Dameon Pierce,4360238
Amari Burney,4360239
Kyle Pitts Sr.,4360248
Juan Thornhill,3917909
Olamide Zaccheaus,3917914
Chandler Brayboy,4573243
Brian Asamoah II,4360255
Nik Bonitto,4360259
Brandon Allen,2574511
Jake Bobo,4360405
Mataeo Durant,4360406
Max Brosmer,4573398
Shaka Heyward,4360413
Brycen Hopkins,3918003
Michael Penix Jr.,4360423
Markus Bailey,3917992
Brandon Aiyuk,4360438
Teez Tabor,3115257
C.J. Uzomah,2574576
Gary Brightwell,4245645
Brandon Powell,3115255
Taven Bryan,3115249
Alex Armah,4212884
Angelo Blackson,2574582
Tony Fields II,4245655
Lucas Havrisik,4245661
Dee Delaney,3049726
David Moore,4212909
Quan Martin,4360378
Sydney Brown,4360386
Kerby Joseph,4360383
Anthony Firkser,3049698
Rayshad Nichols,4032721
Loren Strickland,4917439
Dallis Flowers,4917592
Jarran Reed,3115312
Trevor Denbow,4360538
Tony Brown II,3115308
Emmanuel Moseley,3115337
Derek Barnett,3115336
Jordan Mason,4360569
Josh Reynolds,3115306
Joshua Williams,4917635
Jeff Driskel,2574630
Kyle Allen,3115293
Davon Godchaux,3115383
Darien Butler,4360466
Russell Gage Jr.,3115378
Amari Gainer,4360469
Dee Williams,5081362
Jamal Adams,3115373
Chigozie Anusiem,4360475
DJ Chark,3115394
Tae Davis,3131775
Kaleb Johnson,4819231
JuJu Brents,4360488
Jakob Johnson,3115349
Dylan Sampson,5081397
Kaevon Merriweather,4360502
James Pearce Jr.,5081394
Ta'Quon Graham,4262197
Leonard Fournette,3115364
Tyrone Tracy Jr.,4360516
Younghoe Koo,3049899
Mekhi Blackmon,4360677
Marquis Haynes Sr.,3115456
Matt Breida,3049916
Tyler Shough,4360689
Verone McKinley III,4360692
Joe Milton III,4360698
Mason Tipton,4573697
Cam Ward,4688380
Jackson Hawes,4573699
Juanyeh Thomas,4360590
Andrew Wingard,3918331
Logan Wilson,3918330
Carl Granderson,3918310
J.T. Gray,3115481
Logan Cooke,3115480
Robbie Chosen,2574808
Chig Okonkwo,4360635
Josh Allen,3918298
Roy Robertson-Harris,2574891
Kayvon Thibodeaux,4426326
Henry Pearson,4360794
Tutu Atwell,4360797
Zacch Pickens,4426332
Nolan Smith Jr.,4426331
Bo Nix,4426338
Jordan Travis,4360799
Graham Mertz,4426335
Nakobe Dean,4426340
Spencer Rattler,4426339
Yasir Abdullah,4360807
Andrew Booth,4426344
Henry To'oTo'o,4426350
Travon Walker,4426349
Jayden Daniels,4426348
Mazi Smith,4426347
George Pickens,4426354
DeMarvin Leal,4426359
Baylor Cupp,4426364
Tyrique Stevenson,4426374
Jeremiah Pharms Jr.,5081728
Adisa Isaac,4426372
Larry Ogunjobi,3050122
Simi Fehoko,4360739
Kendall Williamson,4360745
Ethan Bonner,4360746
Foyesade Oluokun,3050073
Thomas Booker IV,4360749
Elijah Ponder,4688432
Michael Wilson,4360761
Brycen Tremayne,4360763
Nick Hampton,4360773
Jarrian Jones,4426448
Isaiah Foskey,4426457
Thomas Fidone II,4590292
Laiatu Latu,4426473
Terell Smith,4360935
Rashod Bateman,4360939
Tyrion Davis-Price,4426475
Benny Sapp III,4360944
Cornelius Johnson,4426479
Jordan Howden,4360949
Jonathan Mingo,4426485
Cade Stover,4426496
Drake London,4426502
Joey Porter Jr.,4426506
Brevyn Spann-Ford,4360967
Troy Hill,2525933
Roschon Johnson,4426386
Zach Charbonnet,4426385
Talanoa Hufanga,4360853
Jameson Williams,4426388
Kana'i Mauga,4360855
Antonio Grier Jr.,4360864
Ramel Keyton,4426399
Trent McDuffie,4426405
Nick Cross,4426403
Trey Palmer,4426407
George Odum,3050199
Zach Harrison,4426412
Dax Hill,4426422
Joseph Ngata,4426426
Derek Stingley Jr.,4426434
Michael Hoecht,4033234
Jaden Davis,4426435
Siaki Ika,4426440
Eyioma Uwazurike,4066109
Isaiah Likely,4361050
Christopher Hinton,4426583
Miles Killebrew,2575164
Gerald Everett,3918639
Alex Austin,4426599
Colson Yankoff,4361088
Kyler Gordon,4361093
Dominique Hampton,4361094
Kaden Davis,5065495
David Ojabo,4426507
David Martin-Robinson,4360978
Trikweze Bridges,4426513
Puka Nacua,4426515
Tevaughn Campbell,4410136
Jihad Ward,3115914
Lewis Cine,4426536
Theo Wease Jr.,4426535
Darius Alexander,4426542
Cole Fotheringham,4361008
Kenny Dyson Jr.,4574008
Davis Allen,4426553
Jabrill Peppers,3115962
Adrian Martinez,4361182
Chase Winovich,3115974
Casey Rogers,4361189
Isaiah Stalbird,4361194
Malik Turner,3115928
Cam Taylor-Britt,4361196
Daylen Baldwin,4262900
Justin Jefferson,4262921
Anthony Miller,3050487
Jack Westover,4361100
Tanner Hudson,3050481
Jake Elliott,3050478
Taki Taimani,4361114
Devin Culp,4361112
George Karlaftis,4426659
Josh Downs,4688813
Jowon Briggs,4426676
Dane Belton,4426686
Ulysses Bentley IV,4426689
Keeanu Benton,4426694
Tatum Bethune,4426698
Chris Jones,3116104
Trey McBride,4361307
Elijah Higgins,4426844
Luke Gifford,3116097
Craig James,3116058
Jamien Sherwood,4361331
Shedrick Jackson,4361332
Tyreke Smith,4361340
Sam Howell,4426875
Domenique Davis,4590720
Dallas Gant,4361348
DeWayne Carter,4426883
Javon Bullard,4688930
Chris Godwin Jr.,3116165
Mike Gesicki,3116164
Brett Rypien,3722362
Jason Cabinda,3116158
Omar Brown,4426794
Maxwell Hairston,4688931
Zach Wilson,4361259
Greg Newsome II,4361266
Eku Leota,4361272
Rakeem Nunez-Roches,2575453
Jarvis Brownlee Jr.,4426817
PJ Mustipher,4361421
Odafe Oweh,4361422
Jesse Luketa,4361419
Justin Shorter,4361426
Micah Parsons,4361423
Jaxson Dart,4689114
Travis Bell,4246741
Romeo Doubs,4361432
Cole Turner,4361438
Carson Strong,4361435
Jalen Cropper,4426990
Howard Cross III,4426992
Nick Scott,3116179
Troy Reeder,3116177
Amani Oruwariye,3116175
Ja'Whaun Bentley,3116187
Javontae Jean-Baptiste,4361357
Joshua Cephus,4426893
Isaiah Spiller,4426891
Tommy Togiai,4361366
Leo Chenal,4426901
Bobby McCain,2575606
Chris Olave,4361370
Jeremy Ruckert,4361372
NaJee Thompson,4361382
Demani Richardson,4426926
Kei'Trel Clark,4426923
Jahan Dotson,4361409
Pat Freiermuth,4361411
Luke McCaffrey,4426948
Zack Kuntz,4361417
Will Levis,4361418
Brandon Dorlus,4427090
Sam Kamara,4033855
Isaiah Land,4574551
DeMario Douglas,4427095
Max Duggan,4427105
Storm Duck,4427103
Khalid Duke,4427108
Dyami Brown,4361577
Javonte Williams,4361579
Jaylen McCollough,4427120
Lance Boykin,4361584
Jake Hansen,4033812
Azeez Al-Shaair,3919117
Blake Watson,4361604
James McCourt,4033806
Mason Rudolph,3116407
Tyreek Hill,3116406
Matt Araiza,4361496
Luq Barcoo,4361499
Cameron Thomas,4361510
Keshawn Banks,4361508
Daniel Bellinger,4361516
Curtis Bolton III,3116367
Isiah Pacheco,4361529
Mark Andrews,3116365
MJ Devonshire Jr.,4427068
Samaje Perine,3116389
Kamu Grugier-Hill,3050851
Joe Mixon,3116385
Quez Watkins,4050373
Solomon Byrd,4361689
Kyle Phillips,3886528
Trey Amos,4574689
Dillon Gabriel,4427238
Chad Muma,4361707
Sauce Gardner,4427250
Ty Summers,3116431
Harrison Mevis,4574716
Jalen Royals,5082630
Mike Ford Jr.,3050916
L.J. Collier,3116449
Kaylon Geiger,4427267
Jauan Jennings,3886598
Nick Emmanwori,4869523
Shy Tuttle,3886601
Omarr Norman-Lott,4591008
Devin Leary,4361653
AJ Finley,4427190
Payton Wilson,4361652
Malik Heath,4689334
Tyrus Wheat,4689333
Alim McNeill,4361662
Christopher Dunn,4361665
Dalvin Cook,3116593
Kamal Hadden,4427356
Ryan Wright,4361823
Tanner McCalister,4361824
Breece Hall,4427366
Jarrick Bernard-Converse,4361834
Jason Taylor II,4361835
Kenny McIntosh,4427391
Tyler Lacy,4361861
Danny Gray,4689546
Mitchell Agude,4591235
Brock Purdy,4361741
Xavier Gipson,4427278
Anthony Johnson Jr.,4361748
Eric Rowe,2576002
M.J. Stewart,3116679
Brayden Narveson,4361765
Will McDonald IV,4361767
Zamir White,4361777
Kearis Jackson,4361778
Brenton Cox Jr.,4361776
Divaad Wilson,4361779
Renardo Green,4427325
Devonte Wyatt,4361791
Kentavius Street,3116726
Germaine Pratt,3116724
Justin Strnad,3919548
Andre Cisco,4361939
Jamal Hill,4427479
Justin Jones,3116746
Tre Tomlinson,4427493
Wil Lutz,2985659
Bradley Chubb,3116733
Chamarri Conner,4361964
Cole Holcomb,3116689
Mac McWilliams,4689651
Alex Bachman,3919510
Jessie Bates III,3919512
Art Green,4689674
James Mitchell,4361988
Cam Hart,4427404
Ugo Amadi,3886834
Matt Ammendola,3919602
Benning Potoa'e,3886826
Jake Browning,3886812
Myles Gaskin,3886818
B.J. Hill,3116748
Andre Baccellia,3886809
Terrell Jennings,4427600
PJ Walker,3051308
Caden Sterns,4362077
Cameron Dicker,4362081
D'Shawn Jamison,4362082
Keaontay Ingram,4362087
DeMarvion Overshown,4362088
Joseph Ossai,4362094
Prince Emili,4034335
Nic Jones,4427636
Adetomiwa Adebawore,4427635
Keondre Coburn,4362117
Moro Ojomo,4362116
Frank Clark,2576242
Mike White,3051381
Deadrin Senat,3051376
Cameron Johnston,3051397
Blake Whiteheart,4362018
A.T. Perry,4362019
Ezekiel Elliott,3051392
Nick Sciba,4362020
Joey Bosa,3051389
Chris Brooks,3149687
Vonn Bell,3051388
Micah Abraham,4427563
Deonte Harty,4411193
Jha'Quan Jackson,4427575
Bruce Hector,3051369
Jordan Phillips,4837188
Demetrius Knight Jr.,4427729
Bam Knight,4427728
Cam Gill,4034496
Boston Scott,3051439
Jamie Gillan,3936185
Dwayne Washington,3002265
Dante Stills,4362225
Bryce Ford-Wheaton,4362227
Zaire Barnes,4362234
Chase Brown,4362238
Braden Fiske,4362245
Jayden Reed,4362249
Donte Kent,4608004
Andrew Farmer,4394894
Jace Whittaker,3821572
Dan Jackson,4575115
Malik Jefferson,3821576
Calijah Kancey,4427673
Mohamed Kamara,4427677
Travis Jones,4362139
Jacory Croskey-Merritt,4575131
Levi Wallace,3133440
Ameer Abdullah,2576336
SaRodorick Thompson Jr.,4362162
Kyu Blu Kelly,4427695
Chris Williams,4034530
Harold Fannin Jr.,5083076
Jack Kiser,4427716
Erik Ezukanma,4362186
Melvin Gordon III,2576434
Andrew Van Ginkel,3133487
Samuel Womack III,4280416
Rasheen Ali,4690013
Eric Kendricks,2510863
Nick Vannett,2576399
Eric Johnson II,4050971
Raheem Mostert,2576414
Jake Bates,4689936
Grady Jarrett,2576492
Caleb Johnson,4051069
Austin Seibert,3821683
DeShawn Williams,2576508
Marist Liufau,4427816
Dylan Cole,2986109
Dyontae Johnson,4362280
Zion Logue,4427826
Desjuan Johnson,4362294
Erick All Jr.,4427834
Natrone Brooks,4689989
Jason Brownlee,4689988
Austin McNamara,4427982
Bub Means,4427985
Kain Medrano,4427984
Jaleel McLaughlin,4722893
Jaret Patterson,4362452
Solomon Thomas,3117258
Dalton Schultz,3117256
Harrison Phillips,3117255
LaJohntay Wester,4690143
Bobby Okereke,3117253
Christian McCaffrey,3117251
Drew Ogletree,4722908
Chris Moore,2576581
Derius Davis,4362477
Emari Demercado,4362478
Ochaun Mathis,4362486
John Stephens Jr.,4362489
Tre'von Moehrig,4362487
Ar'Darius Washington,4362492
Troy Andersen,4247807
Nesta Jade Silvera,4362497
Ty Okada,4247808
T.J. Tampa,4575483
Deane Leonard,4690171
Michael Bandy,4034704
Lance McCutcheon,4247812
DJ Ivey,4362502
Greg Rousseau,4362506
Brevin Jordan,4362504
Tavius Robinson,4690179
DeVante Parker,2576623
Mitchell Tinsley,4690070
David Onyemata,4002046
Justin Simmons,2969860
Andrew Billings,3051775
Trevor Siemian,2511109
Benton Whitley,4247722
Marquez Valdes-Scantling,3051738
Bryan Cook,4247726
Antoine Winfield Jr.,4034790
Brandon Smith,4575416
Parker Romo,4051167
Andrew Adams,2576599
Ko Kieft,4034779
Isaiah McGuire,4427963
Zach Cunningham,3051750
Oren Burks,3051746
Devon Witherspoon,4575431
Carter Coughlin,4034766
Isaiah Neyor,4428116
Lew Nichols,4428119
Maema Njongmeta,4428125
Bud Dupree,2576702
Eddie Goldman,2969924
Ronald Darby,2969920
Shane Zylstra,4608362
Mario Edwards Jr.,2969921
Jack Stoll,4034862
Ben Stille,4034861
Brenden Bates,4362603
Brayden Thomas,4608378
Lamar Jackson,4034849
Bryce Oliver,4362617
Corey Ballentine,4411769
Marquan McCall,4362615
D'Anthony Bell,4608386
Chris Rodriguez Jr.,4362619
John Cominsky,4411771
Dicaprio Bootle,4034835
Kelvin Joseph,4362629
Terrace Marshall Jr.,4362630
Ja'Marr Chase,4362628
De'Shaan Dixon,4247944
La'Mical Perine,4034952
C.J. Gardner-Johnson,4034953
Feleipe Franks,4034948
Montravius Adams,3051894
Eddy Pineiro,4034949
Laquon Treadwell,3051889
David Sills V,3871102
Kyle Trask,4034946
Austin Ekeler,3068267
Carl Lawson,3051911
Will Mallory,4362523
Daniel Carlson,3051909
Kyle Hamilton,4575517
Rudy Ford,3051901
Darius Muasau,4428072
Deon Bush,2969944
Jameis Winston,2969939
Jamison Crowder,2576716
Gabriel Murphy,4428080
Luke Musgrave,4428085
Charles Harris,3051852
Rayshawn Jenkins,2969961
Evan Engram,3051876
Levelle Bailey,4428241
Mecole Hardman,4035004
Eric Scott Jr.,4248032
John Ridgeway III,4248047
Gus Edwards,3051926
Artie Burns,3051921
Bilhal Kone,5083656
Tyler Badie,4362748
De'Antre Prince,4428283
Al-Quadin Muhammad,3051942
Jeremiah Moon,4034959
Aaron Shampklin,4248068
Nick Bolton,4362759
Damone Clark,4362636
Colston Loveland,4723086
Jacob Cowing,4575665
Ricky Pearsall,4428209
Stephen Anderson,2576854
Charlie Woerner,4035020
Dell Pettus,4428232
Devon Allen,3052083
Kingsley Enagbare,4362840
Ryan Flournoy,5083754
Chidobe Awuzie,3052101
Jaycee Horn,4362847
Chris Roland-Wallace,4428383
Ernest Jones IV,4362851
Johnny Mundt,3052096
Albert Okwuegbunam Jr.,4035115
Darius Rush,4362858
Israel Mukuamu,4362855
River Cracraft,3052056
Christian Holmes,4035105
Robert Longerbeam,4575860
Matt Corral,4362874
Mike Sainristil,4428414
Darren Waller,2576925
Daniel Ekuale,3052059
Justin Fields,4362887
Brandon Johnson,4035198
Kevin King,3052170
Darrell Daniels,3052166
Deonte Banks,4428328
Rashee Rice,4428331
Marquez Callaway,4035170
Marcus Mariota,2576980
Quincy Riley,4428350
Sheldon Rankins,2970204
Quinton Jefferson,2577078
JL Skinner,4428503
Tykee Smith,4428522
Nnamdi Madubuike,4035245
Braden Mann,4035239
J.P. Holtz,2970262
John Ross,3052177
Tyrel Dodson,4035232
Ainias Smith,4428532
Trayveon Williams,4035222
Tyson Campbell,4379397
Omar Speights,4428550
Javon Solomon,4428548
Jake Camarda,4379396
John FitzPatrick,4379401
James Cook III,4379399
Ty Montgomery II,2577134
Nathaniel Watson,4362895
Jaden Crumedy,4362910
Cameron Young,4362911
Anthony Brown Jr.,4035312
JT Woods,4362917
Tyquan Thornton,4362921
Benito Jones,4035299
Kyle Monangai,4608686
Joejuan Williams,4035286
Percy Butler,4363097
Dadrion Taylor-Demerson,4428633
Grayland Arnold,4035389
Eric Garror,4363101
Cameron Dantzler Sr.,4035385
Carl Davis Jr.,2511690
Carlos Washington Jr.,4248425
Jeffery Simmons,4035369
Elijah Roberts,4690795
Drake Thomas,4428659
Jalen McLeod,4576129
Jamari Thrash,4428678
Rodney Thomas II,4248455
Jaylen Johnson,4379405
K'Von Wallace,4035463
Tyjae Spears,4428557
Azeez Ojulari,4379409
Isaiah Simmons,4035462
Chris Smith II,4379413
Channing Tindall,4379414
Tyler Batty,4608794
Otis Reese IV,4379411
Asante Samuel Jr.,4363034
Matt Dickerson,3134316
Andre Anthony,4035453
Quay Walker,4379416
Tez Johnson,4608810
Reddy Steward,4428584
Devin White,4035434
Kristian Fulton,4035433
Beanie Bishop Jr.,4363052
Kyle Peko,3134288
Stephen Sullivan,4035426
Ryan Rehkow,4608820
Bilal Nichols,3117922
T'Vondre Sweat,4428617
Brandon Codrington,4576069
Tyler Lockett,2577327
Christian Watson,4248528
Chase Allen,4035526
Josh Hayes,4248533
Daniel Thomas,4035505
Vita Vea,3134362
Derrick Brown,4035495
E.J. Jenkins,4248557
Marlon Davidson,4035494
Ben Sinnott,4690923
Tim Patrick,3134353
Dexter Lawrence II,4035483
Emanuel Wilson,4887558
Casey Washington,4428796
Nolan Turner,4035468
Chase McLaughlin,3150744
Tremon Smith,3134448
De'Jon Harris,4035577
Dak Prescott,2577417
Justin Hardee Sr.,2970625
Bralen Trice,4428713
McTelvin Agim,4035566
Tre Tucker,4428718
David Montgomery,4035538
Kene Nwangwu,4035537
Ben Skowronek,4035656
James Robinson,4052042
Jordan Phillips,2577466
Tarron Jackson,4052031
Baker Mayfield,3052587
Brian Burns,4035631
C.J. Brewer,4052017
Nikko Reed,4691043
Jacoby Windmon,4428909
Dee Winters,4428914
Rashad Wisdom,4428917
Brandon Aubrey,3953687
Janarius Robinson,4035604
Craig Woodson,4428930
Christian Benford,4379778
Preston Smith,2577446
Xavier Weaver,4428811
AJ Barner,4576297
Ogbo Okoronkwo,3052667
Velus Jones Jr.,4035693
Michael Pittman Jr.,4035687
Dontayvion Wicks,4428850
Jack Jones,4035686
Mitch Wishnowsky,4035685
Zack Moss,4035676
Tyler Huntley,4035671
Evan Williams,4428863
Terrell Burgess,4035663
Leki Fotu,4035666
Eric Tomlinson,2511973
Eric Murray,2970716
JD Bertrand,4428872
Julian Blackmon,4035661
Rakim Jarrett,4429006
Braiden McGregor,4429005
Antwaun Powell-Ryland Jr.,4429009
Kendric Pryor,4035776
Gervon Dexter Sr.,4429014
Tank Bigsby,4429013
Daniel Whelan,4248789
Kendall Milton,4429012
Eli Ricks,4429011
RJ Mickens,4429018
Kayshon Boutte,4429022
Trey Hendrickson,3052743
Quentin Johnston,4429025
MarShawn Lloyd,4429023
Jaquelin Roy,4429034
Jermaine Burton,4429033
Quandre Diggs,2577553
Vernon Broughton,4429040
Montrell Washington,4248822
Jaylen Harrell,4429058
Woody Marks,4429059
BJ Thompson,4691084
Starling Thomas V,4363408
Jacardia Wright,4428943
Osa Odighizuwa,4035840
Jaylen Key,4363417
Jalen Wydermyer,4428952
Brandon Stephens,4035824
Demetric Felton,4035826
Cade York,4428963
Damiere Byrd,2577667
Krys Barnes,4035817
Derwin James Jr.,3691739
Myles Murphy,4428985
Riley Dixon,2577619
Chris Braswell,4428989
Bryan Bresee,4428988
Isaiahh Loudermilk,4035798
Kelee Ringo,4428992
Montez Sweat,3134690
Jordan Burch,4428996
Quintez Cephus,4035793
Terrion Arnold,4592837
Sam Eguavoen,2577637
Jase McClellan,4429001
Kwamie Lassiter II,4035912
Elijah Dotson,4248909
DaRon Bland,4248911
Warren Brinson,4429136
Nazir Stackhouse,4429142
Theo Johnson,4429148
Khalil Herbert,4035886
De'Von Achane,4429160
Princely Umanmielen,4429166
Nick Herbig,4429164
Antonio Johnson,4429168
Junior Bergen,4887918
Jordan Kunaszyk,4035866
Austin Keys,4429185
Cam Bynum,4035861
Cameron Goode,4035857
Kris Abrams-Draine,4429193
Clark Phillips III,4429067
Chad Ryland,4363538
Fadil Diggs,4429073
Cody Simon,4429071
Michael Mayer,4429086
Anthony Richardson Sr.,4429084
Thomas Odukoya,4363554
Dylan Drummond,4363551
Demone Harris,3052926
Curtis Jacobs,4429097
Blake Corum,4429096
Arian Smith,4429105
Lathan Ransom,4429110
Tonka Hemingway,4429109
BJ Ojulari,4429111
T.Y. McGill,2577757
Kalel Mullings,4429121
Durham Smythe,3052897
Marte Mapu,4248899
Jaylon Smith,3052896
Isaac Rochell,3052894
Dwight McGlothern,4429128
Jaheim Bell,4429262
Brittain Brown,4036032
Dez Fitzpatrick,4036026
Trey Benson,4429275
Korie Black,4429281
Beau Brade,4429291
Jonathan Jones,2971027
Tahj Brooks,4429299
Matt Gay,4249087
Israel Abanikanda,4429202
Yannick Ngakoue,3053044
Jordan Addison,4429205
Rashad Weaver,4036076
Patrick Jones II,4036063
Damar Hamlin,4036060
D.J. Montgomery,4249030
Nick McCloud,4036169
Elijah Chatman,4429392
Kristian Welch,4036153
Caleb Shudak,4036146
Nick Niemann,4036141
Chauncey Golston,4036132
Noah Fant,4036131
Amani Hooker,4036134
T.J. Hockenson,4036133
Dominique Dafney,4036129
Nicholas Morrow,4232830
Andre Jones Jr.,4249214
Jake Funk,4036224
Roderick Perry II,4052609
Qwuantrezz Knight,4036219
DJ Turner,4036211
Quentin Lake,4249128
Gavin Bartholomew,4708049
Sean McKeon,4036275
Robbie Ouzts,4691688
Devin Bush,4036261
DeForest Buckner,2971282
Pharaoh Brown,2971281
Arik Armstead,2971275
Tommy Eichenberg,4429560
Mark Robinson,4249342
Martin Emerson Jr.,4429568
Michael Gallup,4036348
Cedrick Wilson Jr.,4036335
Carson Bruener,4429490
Ray Davis,4429501
Elandon Roberts,2987743
SirVocea Dennis,4429511
Skylar Thompson,4036419
Byron Pringle,4036416
Justin Watson,3118892
Dondrea Tillman,5216101
Tyler Goodson,4429676
Anthony Gould,4429684
Markus Golden,2971432
Jordan Love,4036378
Josh Oliver,3921690
William Bradley-King,4036476
Cor'Dale Flott,4429607
Hunter Renfrow,3135321
Zay Flowers,4429615
Jalen Virgil,4036448
Adam Gotsis,2971498
Darrynton Evans,4036431
Shemar Jean-Charles,4036430
Jalen Tolbert,4249417
Ka'imi Fairbairn,2971573
Marcus Peters,2578378
Fabian Moreau,2971586
Jahmyr Gibbs,4429795
Frank Gore Jr.,4429805
Joe Bachie,4036507
Mike Greene,4249596
Cedric Gray,4429834
Isaac Ukwu,4249608
Josh Pederson,4036595
Ty Shelby,4036597
Gabe Hall,4429731
Kevon Seymour,2971603
Daequan Hardy,4429743
Leonard Williams,2971622
Nelson Agholor,2971618
Emmanuel Forbes Jr.,4429767
Que Robinson,4692048
Adrian Colbert,2971699
Darrell Baker Jr.,4036660
Kindle Vildor,4036651
Abdullah Anderson,3119119
Jawhar Jordan,4429939
PJ Jules,4429946
Will Howard,4429955
Jimmy Horn Jr.,4708486
George Holani,4429835
Owen Wright,4249616
Nick Muse,4249624
Jacoby Brissett,2578570
Brian Branch,4692025
Malachi Moore,4692024
Javon Baker,4692022
Hassan Ridgeway,2971725
Andre Carter II,4577333
Tim Smith,4692033
DJ James,4429891
Chris Conley,2578533
Chase Edmonds,3119195
Sam LaPorta,4430027
Xavier Legette,4430034
Justin Rogers,4692185
Pierre Strong Jr.,4249836
Cedric Johnson,4430065
Jonathan Owens,4331768
Nick Vigil,2971816
Jack Gibbens,4249739
Ruben Hyppolite II,4429970
Jack Cochrane,4249766
Marshawn Kneeland,4429996
Nsimba Webster,3119317
David Walker,5085355
Dallin Leavitt,3053801
Tayler Hawkins,4036820
Michael Davis,3053795
Trenton Thompson,4036817
Patrick McMorris,4430158
Elijah Riley,4036924
Jarius Monroe,4430182
Skyy Moore,4430191
Sincere McCormick,4430104
Sanoussi Kane,4430118
Cole Christiansen,4036959
Shaquill Griffin,3054026
Darien Porter,4430330
Michael Pierce,2972144
Takk McKinley,3152371
Cole Bishop,4676004
Tyler Nubin,4430261
Ruke Orhorhoro,4430271
Ivan Pace Jr.,4430280
Jammie Robinson,4430411
Tyler Baron,4692555
Kurtis Rourke,4430431
Edgerrin Cooper,4430438
Jaylin Smith,4594277
Jalin Hyatt,4692590
Julius Wood,4872841
Boogie Basham,4037239
Greg Dortch,4037235
Jonnu Smith,3054212
Josh Sweat,3693166
Essang Bassey,4037216
DeWayne McBride,4430388
Nathan Peterman,2972236
Luke Masterson,4037212
Brenton Strange,4430539
Adam Butler,2972342
Jer'Zhan Newton,4430560
Bailey Zappe,4250360
KaVontae Turpin,3676833
Elijah Simmons,4430478
Nohl Williams,4610705
David Mayo,2972400
Charvarius Ward,4037361
Alex Highsmith,4037333
Easton Mascarenas-Arnold,5085888
McKinnley Jackson,4692680
Jared Wayne,4430681
Nick Williams,2317118
Treyton Welch,4430684
Jalen Brooks,4692835
Jordan Davis,4381558
Jared Wiley,4430723
Zyon McCollum,4250392
Tristin McCollum,4250393
Jared Verse,4578085
Ja'Lynn Polk,4430637
Curtis Brooks,4037474
Shaq Quarterman,4037468
Cooper Rush,2972515
Myles Price,4430656
Travis Homer,4037457
Darnell Washington,4430802
Alex Singleton,2612151
Bijan Robinson,4430807
Devon Key,4037559
Noah Sewell,4430822
Reuben Lowery III,4692970
Kitan Crawford,4430821
Jalen McMillan,4430834
Trenton Simpson,4430831
Rylie Mills,4430838
Alfred Collins,4430835
Myles Cole,4365303
Kobie Turner,4250621
Tomon Fox,4037520
Chazz Surratt,4037521
Josh Newton,4365319
Kyren Williams,4430737
Divine Deablo,4037626
Bryce Hall,4037584
Jahdae Barron,4430925
Julian Hill,4365395
Yahya Black,4430947
Matthew Jackson,4250737
Carrington Valentine,4430965
Kimani Vidal,4430968
KeAndre Lambert-Smith,4430870
Sean Tucker,4430871
Mason Graham,4873232
Jaxon Smith-Njigba,4430878
JJ Pegues,4430896
Brevin Allen,4365380
Ross Dwelley,3120303
Abdul Carter,4725996
Phillip Dorsett,2579604
Denzel Perryman,2579621
Jamel Dean,3873935
Stone Smartt,4250764
Jonathan Allen,3054840
Brodric Martin,4365457
A'Shawn Robinson,3054857
Caelen Carson,4431006
Xavier Watts,4431005
Alvin Kamara,3054850
Eddie Jackson,3054847
DaMarcus Mitchell,4693173
Uchenna Nwosu,3120358
JuJu Smith-Schuster,3120348
Adoree' Jackson,3120347
Marques Sigle,4693337
Billy Bowman Jr.,4431194
Rodney Williams,4250969
Cam Miller,4693331
Beaux Collins,4431210
Junior Colson,4431212
Blake Bell,2514206
E.J. Speed,3071353
Ty Hamilton,4431118
Keanu Neal,3054962
Matthias Farley,2579840
Tommy Mellott,4775196
John Franklin-Myers,3120464
Daniel Hardy,4365629
Quinn Ewers,4889929
Jordan Hicks,2514270
Colton Dowell,4250945
Dru Phillips,4431321
Mitchell Wilcox,3923392
Winston Reid,4251125
Xavier Restrepo,4431353
Chimere Dike,4431268
Troy Franklin,4431280
Easton Stick,3120590
Rome Odunze,4431299
Kenny Moore II,4218312
Tuli Tuipulotu,4431442
Deuce Vaughn,4431453
Drake Maye,4431452
Tyler Warren,4431459
Jordan Watkins,4431466
Marlowe Wax,4431467
Ricky White III,4431479
Savion Williams,4431487
Roman Wilson,4431492
Corey Thornton,4431426
Bradyn Swinson,4431424
Kalen King,4431433
Corey Kiner,4431431
Tank Dell,4366031
Maason Smith,4431567
Smael Mondon Jr.,4431573
Chop Robinson,4431586
Jack Sawyer,4431590
Ja'Tavion Sanders,4431588
Joshua Onujiogu,4071085
Leonard Taylor III,4431598
Jay Toia,4431603
James Williams Sr.,4431613
Caleb Williams,4431611
Jalen Nailor,4382466
Tyleik Williams,4431615
Ja'Corey Brooks,4431506
Oronde Gadsden II,4595342
Ji'Ayir Brown,4693644
Kaden Prather,4431509
DeAndre Carter,2580216
Alijah Clark,4595352
Malik Nabers,4595348
Calen Bullock,4431517
Kyonte Hamilton,4677281
Chaz Chambliss,4431520
Barrett Carter,4431519
Donovan Edwards,4431536
Will Shipley,4431545
Riley Moss,4382401
Phil Mafah,4431562
Kalif Raymond,2973405
Shaun Dolac,4693848
Justice Hill,4038441
Devin Harper,4038436
A.J. Green,4038437
Amen Ogbongbemiga,4038432
Innis Gaines,4038534
Gardner Minshew,4038524
Taron Johnson,3121003
Dallas Goedert,3121023
Jaylinn Hawkins,3858276
Keelan Doss,3120980
Dante Trader Jr.,4431664
Trey Taylor,4693816
Ashtyn Davis,3858271
Ross Blacklock,4038557
Joshua Farmer,4611993
Jarquez Hunter,4710341
Tyreek Maddox-Williams,4038724
Evan Anderson,4612182
Chris Manhertz,2531358
Isaiah Bond,4808839
Damien Martinez,4808830
Joe Andreessen,4366349
Ahmed Hassanein,4710422
Mason Taylor,4808766
D.J. Wonnum,4038849
Keir Thomas,4038843
Daijahn Anthony,4874448
Ryan Neal,3121344
Rico Dowdle,4038815
Sam Hubbard,3121416
Malik Hooker,3121415
Jalyn Holmes,3121414
Shaun Bradley,4038902
Parris Campbell,3121410
Noah Brown,3121409
Jesper Horsted,3940587
Aaron Rodgers,8439
Matt Sokol,3121378
Keenan Isaac,4366534
Caleb Lohner,4432208
Ashton Jeanty,4890973
Michael Burton,2515270
Hunter Kampmoyer,4038952
Curtis Samuel,3121427
Troy Dye,4038946
Jonathon Brooks,4678008
Raekwon McMillan,3121423
Terry McLaurin,3121422
Elijah Arroyo,4678006
Marshon Lattimore,3121421
Justin Herbert,4038941
Harrison Butker,3055899
Devin Duvernay,4039050
Collin Johnson,4039043
DJ Giddens,4874509
T.J. Edwards,3121544
Shane Buechele,4039034
Khalid Kareem,4039029
Ryan Connelly,3121538
Levi Onwuzurike,4039020
Felix Anudike-Uzomah,4612387
Drew Lock,3924327
Taylor Rapp,4039007
Myles Bryant,4039010
Byron Murphy Jr.,4038999
Keyon Martin,4694334
Kyle Kennard,4432333
Luke Lachey,4432338
Malcolm Roach,4039064
Brandon Jones,4039059
Hayden Hurst,3924365
Lil'Jordan Humphrey,4039057
Jordan Elliott,4039052
J.C. Jackson,3121649
Elijah Garcia,4039170
Myles Adams,4039164
Kylen Granson,4039160
Kris Jenkins Jr.,4432301
Khalen Saunders,3121634
Konata Mumpfield,4710855
Mitchell Trubisky,3039707
Ronnie Harrison Jr.,3859006
Keaton Mitchell,4596334
Dylan Laube,4366963
Isaiah Bolden,4711029
Trey Lance,4383351
Ed Oliver,4039303
Joe Jones,2974344
Tarvarius Moore,4039278
Jonathan Ward,4039274
Kyzir White,4039254
Trevon Wesco,4039253
Nate Adkins,4383440
Darrell Henderson Jr.,4039359
Ladd McConkey,4612826
Dominic Lovett,4596439
Patrick Taylor Jr.,4039358
Dennis Gardeck,4334300
Bucky Irving,4596448
Parker Washington,4432620
Dean Lowry,2974348
Jordan Hancock,4596480
Kamren Kinchens,4596363
Tyrion Ingram-Dawkins,4629149
Alohi Gilman,4039413
Hunter Luepke,4383396
Corey Bojorquez,4039396
Shaquille Leonard,3056362
Tarheeb Still,4432571
C.J. Stroud,4432577
Jacob Saylors,4383429
Antonio Hamilton Sr.,3056354
Bryce Huff,4039375
Landon Jackson,4432715
Chase Cota,4367186
Jason Marshall Jr.,4432730
Jack Heflin,4039485
Jalen Milroe,4432734
Moliki Matavao,4432731
Greg Dulcich,4367209
Otito Ogbonnia,4367210
Jaylen Reed,4432758
Brashard Smith,4596602
Shedeur Sanders,4432762
Tyus Bowser,3040037
Brian Thomas Jr.,4432773
Nick Thurman,3040031
Jeremiah Trotter Jr.,4432777
Dont'e Thornton Jr.,4432775
Ray-Ray McCloud III,3728262
Tanner Muse,3728263
Christian Wilkins,3728266
Austin Bryant,3728253
Brock Bowers,4432665
Clelin Ferrell,3728258
Denzel Burke,4432668
Albert Huggins,3728248
Marcellas Dial Jr.,4875079
Tavierre Thomas,4334405
TreVeyon Henderson,4432710
Marvin Harrison Jr.,4432708
Reggie Gilliam,4039505
Dorian Thompson-Robinson,4367178
Kyle Philips,4367175
De'Vondre Campbell,3040180
Jonathan Ledbetter,3728308
J.J. Taylor,4039607
Tyrek Funderburk,4367330
Johnathan Abram,3728305
George Kittle,3040151
Malachi Corley,4613104
Josey Jewell,3040150
Desmond King II,3040145
Blake Cashman,3728281
BJ Green II,4875266
Trent Sherfield Sr.,3122168
Hunter Wohler,4432789
Tre Herndon,3122160
Armani Rogers,4056052
Shemar Turner,4432804
Donovan Wilson,3122135
Myles Garrett,3122132
Khari Blasingame,3122154
Joshua Pryor,4383684
Byron Young,4875196
Kyle Williams,4613202
Ollie Gordon II,4711533
Leighton Vander Esch,3138677
Karene Reid,4875336
Julius Chestnut,4367567
Sean Chandler,3138733
Micah Robinson,4695280
Eli Apple,3040506
Dante Miller,4367510
Efton Chism III,4695193
Fred Warner,3138826
Tyquan Lewis,3040513
Maliek Collins,3040471
Michael Dogbe,3138765
Jacob Martin,3138764
Randy Gregory,3040479
Trent Taylor,3040569
Xavier Woods,3040572
Isaiah Davis,4695404
Eric Wilson,3056916
Sione Takitaki,3138834
Kendall Sheffield,3925358
Calvin Ridley,3925357
Anfernee Jennings,3925350
Damien Harris,3925347
Daron Payne,3925354
Bo Richter,4875564
Derrick Gore,3925346
Minkah Fitzpatrick,3925345
Marcedes Lewis,9614
Truman Jones,4367828
Chris Smith,4367835
Ahkello Witherspoon,3122630
Christian Rozeboom,3909013
Justin Hollins,3122678
Royce Freeman,3122672
Mike Boone,3139033
Tanner McLachlan,4384171
Jeremiah Ledbetter,3892689
Mack Hollins,2991662
Kenny Clark,3122752
Blake Lynch,3892773
Jarrett Stidham,3892775
Tejhaun Palmer,4875912
Andrei Iosivas,4368003
Isaac Yiadom,3122797
Adrian Amos,2582132
Harold Landry III,3122793
Patrick Ricard,2975417
Mike Edwards,3155647
Zaire Mitchell-Paden,4876006
Donte Jackson,3843769
Marcus Williams,3122882
Myles Harden,4695783
Deshaun Watson,3122840
Charles Woods,4368113
Eli Ankou,3008150
Jack Browning,4876013
Carson Schwesinger,4876017
Neville Gallimore,3892883
Adonai Mitchell,4597500
Arden Key,3843843
Derrick Nnadi,3122930
L'Jarius Sneed,4040432
Darius Harris,3122906
Richie James,3122899
Jalen Coker,4695883
Khristian Boyd,4384595
Parry Nickerson,3041098
D'Angelo Ross,3139389
D.J. Reed,3139387
Marcus Epps,3139368
Jeff Wilson Jr.,3122976
Oluwafemi Oladejo,4876057
Siran Neal,3057524
Michael Badgley,3123052
David Njoku,3123076
Braxton Berrios,3123075
Tyler Kroft,2582410
Cobie Durant,4384549
Taylor Heinicke,2565969
Tanzel Smart,3041112
Foster Moreau,3843945
Gregory Junior,4400960
Robert Tonyan,2975674
Rico Payton,4368350
DeAndre Houston-Carson,2566034
Malik Harrison,4040615
Luke Farrell,4040612
Patrick Mahomes,3139477
Jordan Fuller,4040613
Rejzohn Wright,4696043
Jonathon Cooper,4040608
Nick Bosa,4040605
Jamaree Caldwell,5089178
Eric Banks,4040703
Mason Kinsey,4057082
Johnathan Edwards,4695991
Darnell Mooney,4040655
Tory Horton,4597703
Harrison Bryant,4040774
Titus Leo,4368468
Devin Singletary,4040761
D'Ernest Johnson,3139602
Oshane Ximines,3123233
Jalen Hurts,4040715
Eric Saubert,2975863
Ben Yurosek,4433959
J.J. McCarthy,4433970
Roy Lopez,4040805
Kyle McCord,4433971
Kool-Aid McKinstry,4433975
Upton Stout,4565200
Tyson Bagent,4434153
Shyheim Carter,4040963
Trevon Diggs,4040966
Raekwon Davis,4040965
Malik Mustapha,4696211
Jabril Cox,4040940
Cody Barton,3926229
Tai Felton,4565185
Britain Covey,3926231
Dallas Turner,4565190
Jay Higgins IV,4565350
Mack Wilson Sr.,4040983
Irv Smith Jr.,4040980
Quinnen Williams,4040982
Zach Sieler,3057956
Alex Barrett,2976114
Rashaad Penny,3139925
Aeneas Peebles,4565311
Nick Folk,10621
Damontae Kazee,2976099
Mason Crosby,10636
Sheldon Day,2976194
Tyler Matakevich,2976249
DJ Coleman,4368812
Stefon Diggs,2976212
Michael Thomas,2976316
Kristian Wilkerson,3910176
Tip Reiman,4696700
Rock Ya-Sin,3910229
Greg Joseph,3975763
Elijah Williams,4696782
Dareke Young,4401805
Amari Cooper,2976499
Kyle Dugger,4401811
Tanner Brown,4696736
Taysom Hill,2468609
Dee Alford,4401823
Cornell Armstrong,3123963
Qadree Ollison,3123944
Avonte Maddox,3123938
Danielle Hunter,2976560
Zach Davidson,4746079
Zaire Franklin,3124005
Deion Jones,2976545
Jalen Mills,2976540
Kwon Alexander,2976541
Greg Stroman Jr.,3124086
Joey Slye,3124084
John Wolford,3124092
Marcus Davenport,3124058
Devontez Walker,4696882
Kameron Cline,4041572
Kevin Strong,3124052
Matt Prater,11122
Rasul Douglas,3943270
Sterling Shepard,2976592
Terrell Edmunds,3124067
Carter Runyon,5155825
Joshua Kelley,3910544
Gage Larvadain,4877203
Tyler Scott,4565908
Dalton Kincaid,4385690
Cam Skattebo,4696981
Joe Flacco,11252
Ennis Rakestraw Jr.,4566092
Calais Campbell,11284
Kobee Minor,4566100
Ben Niemann,3140643
JT Tuimoloau,4566154
Daryl Worley,3042436
Ryan Miller,4369466
Matthew Slater,11387
Josh Johnson,11394
Jaylan Ford,4566088
Dawuane Smoot,3042476
Tracy Walker III,3042499
Joshua Karty,4566192
Aaron Jones Sr.,3042519
Trey Washington,4599160
Jayden Higgins,4877706
Richie Grant,4042119
Jahlani Tavai,3124587
Danny Johnson,3141066
Chris Blair,4369886
Jason Sanders,3124679
Logan Woodside,3042749
Malik Reed,3124634
Trysten Hill,4042141
Duke Riley,3042725
Cooper Kupp,2977187
Tre'Davious White,3042717
Alontae Taylor,4369835
Nik Needham,3124702
Cedric Tillman,4369863
Anthony Nelson,3894856
Isaac TeSlaa,5123663
D.J. Jones,3894915
Chandon Sullivan,3124849
Ezekiel Turner,3894901
Jaylen Watson,4697639
Chau Smith-Wade,4697636
Grover Stewart,4058825
Rachaad White,4697815
Kaden Elliss,3124890
Desmond Ridder,4239086
Darrick Forrest,4239088
Xavier Smith,4386544
Coby Bryant,4239094
Tyler Loop,4697745
Derrick Henry,3043078
Thomas Incoom,4714157
Demarcus Robinson,3043116
Leonard Floyd,3043136
Tershawn Wharton,4058925
Carson Steele,4714365
Alex Anzalone,3043107
Poona Ford,3125114
Darrian Beavers,4239121
Andrew Beck,3125107
DJ Reader,2977670
D'Onta Foreman,3125116
Chris Wormley,2977615
Za'Darius Smith,3043168
Bradley Pinion,2977680
Shaq Lawson,2977679
Carlos Watkins,2977681
Max Melton,4698113
Matt Haack,3043237
Morgan Fox,3059620
Kenneth Walker III,4567048
Zane Gonzalez,3043234
Nick Bawden,3125232
Alex Erickson,2977800
Zay Jones,3059722
Dean Marlowe,2519038
Jeremy Reaves,3125248
Emmanuel Ogbah,2977740
Austin Hooper,3043275
Christian Matthew,4911023
Kendre Miller,4599739
Kenneth Grant,4894654
Anthony Brown,2977756
Chris Collier,4698191
Byron Young,4567123
Justin Eboigbe,4567138
Treylon Burks,4567156
Andre Chachere,3125287
Corliss Waitman,3125280
Teddye Buchanan,4698244
Jaire Alexander,3895429
Jalen Davis,3125356
John Metchie III,4567096
Keilan Robinson,4567095
Jordan Battle,4567098
Will Reichard,4567104
Christian Harris,4567099
DeMarcco Hellams,4567111
Snoop Conner,4567246
Adam Trautman,3911853
Graham Gano,12460
Isaiah Dunn,4255989
Brian Hoyer,12477
Neville Hewitt,3059880
Matthew Stafford,12483
Dee Eskridge,4043016
Lan Larison,4698253
D.J. Williams,4567216
Colby Wooden,4567224
Derick Hall,4567226
Jaylin Simpson,4567225
Owen Pappoe,4567219
Kareem Hunt,3059915
Nehemiah Pritchett,4567222
Jermaine Jackson,4698301
Sam Williams,4567242
Amik Robertson,4239694
Milton Williams,4239699
Kaiir Elam,4567399
Malcolm Koonce,4239719
Zach Pascal,2978109
Nick Mullens,3059989
Mohamoud Diabate,4567403
Ty'Ron Hopper,4567406
Caleb Murphy,4911489
Jared Bernhardt,4911488
DaMarcus Fields,4043137
Jordyn Brooks,4043130
Manny Jones,4256041
Ryan Stonehouse,4256051
Jalen Thompson,4043089
Khyiris Tonga,4256074
Tahj Washington,4567506
Darious Williams,4239833
Thomas Morstead,12701
Claudin Cherelus,4256224
Anfernee Orji,4567535
Donald Parham Jr.,3912092
Jeremy Chinn,4043169
Falcons Coach,-14001
Bills Coach,-14002
Bears Coach,-14003
Bengals Coach,-14004
Browns Coach,-14005
Cowboys Coach,-14006
Broncos Coach,-14007
Lions Coach,-14008
Packers Coach,-14009
Titans Coach,-14010
Colts Coach,-14011
Chiefs Coach,-14012
Raiders Coach,-14013
Rams Coach,-14014
Dolphins Coach,-14015
Vikings Coach,-14016
Patriots Coach,-14017
Saints Coach,-14018
Giants Coach,-14019
Jets Coach,-14020
Eagles Coach,-14021
Michael Bennett,12762
Cardinals Coach,-14022
Jordan Whitehead,3895798
Steelers Coach,-14023
Chargers Coach,-14024
49ers Coach,-14025
Shaq Thompson,2978313
Seahawks Coach,-14026
Buccaneers Coach,-14027
Commanders Coach,-14028
Panthers Coach,-14029
Jaguars Coach,-14030
Cory Littleton,2978304
Ravens Coach,-14033
Texans Coach,-14034
Ja'Quan McMillian,4567462
Dane Jackson,3895791
Ben DiNucci,3895785
Damarion Williams,4567480
Gervarrius Owens,4567482
Blake Martinez,2978273
Isaiah McDuffie,4239947
Mike Hall Jr.,4600415
Justin Evans,3895859
Christian Kirk,3895856
Mike Hughes,3895841
Amari Rodgers,4239992
Tee Higgins,4239993
A.J. Terrell Jr.,4239995
Travis Etienne Jr.,4239996
Baylon Spector,4239997
Andre Smith,3895831
Matthew Judon,3961466
Amar Johnson,4878878
AJ Dillon,4239934
Hunter Long,4239944
Chris Board,3060403
LeQuint Allen Jr.,4911851
Larrell Murchison,4240123
Trenton Gill,4240128
Jerry Tillery,3863182
Cam Akers,4240021
Tre' McKitty,4240023
Cory Durden,4240042
Ja'Marcus Ingram,4240059
Erik Harris,4010714
Malik Cunningham,4240069
Christian Kuntz,2978524
Russ Yeast,4240071
Emeka Egbuka,4567750
Khalil Davis,3699530
Darius Cooper,4715355
Cooper DeJean,4682618
Grant Stuard,4240255
Derek Parish,4240261
Shemar Bartholomew,4371336
Cooper McDonald,4567826
A.J. Thomas,4240155
Rasheem Green,3912562
Sam Darnold,3912547
Nazeeh Johnson,4043625
JaMycal Hasty,3928925
Cody Thompson,3126115
TK McLendon Jr.,4568018
Josh Williams,4568024
Xazavian Valladay,4240350
Genard Avery,3126204
Jimmy Graham,13232
Tyson Alualu,13233
Jaylen Wright,4682745
Brandon Graham,13239
KJ Hamler,4240380
Jerry Hughes,13245
Dorance Armstrong,3928979
Matthew Adams,3126179
Kareem Jackson,13254
Tommy DeVito,4240391
Jason Pierre-Paul,13256
Payton Turner,4240269
Jermaine Johnson,4567962
Linval Joseph,13281
Devin Neal,4682652
Brandin Echols,4567979
Quandre Mosely,4567981
Jay Ward,4568007
Josh Blackwell,4240459
Jude McAtamney,5092436
Victor Dimukeje,4240464
Noah Gray,4240472
Chris Rumph II,4240475
Pressley Harvin III,4240485
Tariq Carpenter,4240486
Xavien Howard,2978935
Ifeatu Melifonwu,4240401
Kingsley Jonathan,4240405
Marlon Humphrey,3126356
Ja'Sir Taylor,4240434
Da'Shawn Hand,3126352
Rashaan Evans,3126349
JK Scott,3126368
Deon Jackson,4240455
Michael Carter II,4240456
Marco Wilson,4240595
C.J. Henderson,4240596
Stanley Morgan Jr.,3699902
Kadarius Toney,4240600
Malik Davis,4240603
James Houston,4240608
Ventrell Miller,4240610
T.J. Slaton Jr.,4240612
Josaiah Stewart,4682983
Derrick Harmon,4682980
Zachary Carter,4240619
DJ Johnson,4240623
Al Woods,13493
Raheim Sanders,4601080
DeeJay Dallas,4240631
Lou Hedley,4568308
Del'Shawn Phillips,4240528
Tony Adams,4240532
Tyler Davis,4568217
Pat Bryant,4600981
Sione Vaki,4912274
Nate Hobbs,4240542
Justin Walley,4682909
Bryce Baringer,4240545
Taylor Stallworth,3126489
Deebo Samuel,3126486
Devine Ozigbo,3699935
Ihmir Smith-Marsette,4240573
Geno Stone,4240575
Jaylon Carlies,4601021
Brandon Smith,4240577
Ryan Fitzgerald,4568263
AJ Epenesa,4240585
Mohamed Ibrahim,4240750
Boye Mafe,4240754
Amare Barno,4568439
Esezi Otomewo,4240759
Jamin Davis,4240778
Jalen Reeves-Maybin,3044729
Jonathan Garvin,4240655
Michael Carter,4240657
Cameron Sutton,3044724
Kenneth Gainwell,4371733
Quindell Johnson,4371731
Joshua Dobbs,3044720
Kenny Yeboah,4044144
Jordon Riley,4240677
Grant DuBose,4879650
Kendal Vickers,3044732
Richard LeCounte III,4240686
William Kwenkeu,4044132
Jake Fromm,4240689
Sam Franklin Jr.,4044133
Monty Rice,4240692
Xavier Worthy,4683062
Collin Oliver,4683059
Kenny Pickett,4240703
Jason Pinnock,4240706
Damarri Mathis,4240707
Chris Oladokun,4044111
Danny Stutsman,4683215
Charles Snowden,4240849
Tycen Anderson,4257240
Hendon Hooker,4240858
Caleb Farley,4240859
Dalton Keene,4240861
Milo Eifler,4371940
Falcons TQB,-15001
Bills TQB,-15002
Bears TQB,-15003
Jaylin Williams,4371954
Bengals TQB,-15004
Browns TQB,-15005
Mitchell Evans,4683243
Cowboys TQB,-15006
Broncos TQB,-15007
Lions TQB,-15008
Packers TQB,-15009
Titans TQB,-15010
Micah McFadden,4371961
Colts TQB,-15011
Chiefs TQB,-15012
Cam Jones,4371959
Raiders TQB,-15013
Rams TQB,-15014
Dolphins TQB,-15015
Vikings TQB,-15016
Nathan Shepherd,4076951
Patriots TQB,-15017
Saints TQB,-15018
Giants TQB,-15019
Micheal Clemons,4240896
Jets TQB,-15020
Eagles TQB,-15021
Cardinals TQB,-15022
Roger McCreary,4371973
Steelers TQB,-15023
Buddy Johnson,4240900
Seth Williams,4371974
Chargers TQB,-15024
49ers TQB,-15025
Seahawks TQB,-15026
Buccaneers TQB,-15027
Commanders TQB,-15028
Panthers TQB,-15029
Jaguars TQB,-15030
Lonnie Johnson Jr.,4240780
Ravens TQB,-15033
Texans TQB,-15034
Charlie Jones,4257188
RJ Harvey,4568490
Chris Jones,3044859
Garrett Williams,4568506
Samori Toure,4027873
Joey Blount,4240824
Mike Green,4683188
Nate Wiggins,4601278
Zavier Scott,4257364
Chance Campbell,4372051
Brandon Hill,4568662
Caleb Ransaw,4683347
Michael Barrett,4372062
Jake Moody,4372066
Ronnie Bell,4372063
Juwan Johnson,3929645
Ben VanSumeren,4372070
Raymond Vohasek,4568682
Vincent Gray,4372074
Hassan Haskins,4372071
Dan Chisena,3929637
Irvin Charles,3929636
D'Marco Jackson,4241007
Kevin Givens,3929641
Saquon Barkley,3929630
Demetrius Taylor,4241011
Cameron McGrone,4372085
Dorian Strong,4568703
Luke Schoonmaker,4372096
Khalil Dorsey,4027919
Aidan Hutchinson,4372099
Jacob Kibodi,4240911
Anthony Schwartz,4371986
Zeek Biggers,4683276
Arryn Siposs,4371989
Jayden Peevy,4240927
Jordan Magee,4568617
Dorian Williams,4568624
Pat Surtain II,4372012
Jalyn Armour-Davis,4372017
Jaylen Waddle,4372016
Jerome Ford,4372019
Josh Jobe,4372020
Cameron Latu,4372026
Christian Barmore,4372030
Cameron Jordan,13971
Von Miller,13976
Cameron Heyward,13977
Jacob Parrish,4912847
Patrick Peterson,13980
Julio Jones,13982
Jaleel Johnson,2979523
Nick Westbrook-Ikhine,3929785
Blaine Gabbert,13987
C.J. Beathard,2979520
Raymond Johnson III,4241135
Ethan Evans,5125875
Curtis Robinson,4044448
Andy Dalton,14012
Quincy Williams,3110565
Charles Omenihu,3929865
Michael Dickson,3929851
Isaiah Rodgers,4044540
DeShon Elliott,3929846
Austin Johnson,2979591
Jayron Kearse,3045130
Kris Boyd,3929845
Riley Leonard,4683423
P.J. Locke,3929850
Justin Houston,14048
Randall Cobb,14053
Raequan Williams,3929834
Tom Kennedy,3126997
Tommy Akingbesote,4683450
James Burnip,4880048
Josh Butler,3929814
Jeff Gunter,4241089
Zach Gentry,3929924
Folorunso Fatukasi,3045172
Josh Tupou,2979632
Tim Boyle,3045169
Adam Prentice,3929914
Jake Hummel,4241250
Tyler Boyd,3045144
Charlie Kolar,4241263
Mike Williams,3045138
Troy Hairston,4274040
Roger Carter Jr.,4241273
Barryn Sorrell,4683643
James Conner,3045147
Tyler Lancaster,3045242
Godwin Igwebuike,3045238
Tyrod Taylor,14163
Taiwan Jones,14167
Jamal Agnew,3061612
Austin Booker,4683553
Anthony Walker Jr.,3045251
Lawrence Guy,14185
Christian Braswell,4257580
Jourdan Lewis,3045207
Tim Settle Jr.,3929956
Joshuah Bledsoe,4241199
Tremaine Edmunds,3929950
Arnold Ebiketie,4257591
Maurice Hurst II,3045220
Craig Reynolds,4421446
Jalen Pitre,4241223
Abram Smith,4241224
Hollywood Brown,4241372
Tre Brown,4241373
Grant Calcaterra,4241374
Kiko Mauigoa,4700136
CeeDee Lamb,4241389
Christian Izien,4372459
Jose Ramirez,4569068
Kenneth Murray Jr.,4241394
Trey Sermon,4241401
Corey Clement,3045260
Isaiah Thomas,4241404
Steven Nelson,3045287
Jelani Woods,4241410
Malcolm Rodriguez,4241411
Rondale Moore,4372485
T.J. Watt,3045282
Chuba Hubbard,4241416
Budda Baker,3127287
Kyron Johnson,4241302
Anthony Goodlow,4372378
Dante Pettis,3127306
Kenyan Drake,2979843
Sidney Jones IV,3127299
DeMarcus Walker,3045377
Jalen Ramsey,3045373
Greg Gaines,3127294
Will Dissly,3127292
Dawson Knox,3930086
Eric Watts,4569016
Miles Battle,4372413
Frankie Luvu,3127273
Elijah Moore,4372414
Keidron Smith,4372418
Van Jefferson,3930066
Isaac Guerendo,4372561
Rhamondre Stevenson,4569173
Jack Sanborn,4372576
Dalvin Tomlinson,2979860
Drew Sample,3127310
Cory Trice Jr.,4372492
Tylan Wallace,4241424
Branson Deen,4372499
Payne Durham,4372505
Bobby Brown III,4372518
Ty Zentner,4569130
Trevin Wallace,4683815
Jonas Sanker,4683813
Jashaun Corbin,4372519
Kendall Fuller,3045465
Isaiah Buggs,4241451
Deneric Prince,4372526
Chuck Clark,3045463
Najee Harris,4241457
Tyree Wilson,4372533
Brandon Facyson,3045458
Jerry Jeudy,4241463
Mac Jones,4241464
Phidarian Mathis,4241468
Xavier McKinney,4241470
LaBryan Ray,4241473
Brian Robinson Jr.,4241474
Tyrell Shavers,4241476
Donovan Ezeiruaku,4683848
DeVonta Smith,4241478
Nick Bellore,14471
Tua Tagovailoa,4241479
Michael Wiley,4569156
Nephi Sewell,4241611
Bam Martin-Scott,4880613
Noah Togiai,3930298
Samson Ebukam,3045527
Nikko Remigio,4372716
Thomas Harper,4569323
Kendrick Bourne,3045523
Deatrich Wise Jr.,2980080
Elijah Mitchell,4241555
Jonathan Williams,2980077
Dante Fowler Jr.,2980100
Jonathan Bullard,2980097
Elijah Cooks,4241588
Sam Roberts,4077786
Daiyan Henley,4241597
Romeo Okwara,2980147
Andrew Mukuba,4602197
Jordan Jefferson,4569448
Louis Rees-Zammit,5208436
Jack Campbell,4569465
Marcus Maye,2980110
Tarik Black,4258170
Nico Collins,4258173
Logan Lee,4569474
Keon Coleman,4635008
Morice Norris,4880777
Jeremy McNichols,3127586
Darius Robinson,4569480
Zach VanValkenburg,4569479
Donovan Jeter,4258183
Jalen Reagor,4241802
Kevin Austin Jr.,4372758
Blake Gillikin,4045180
Pat O'Connor,2980206
Rayuan Lane III,4880675
Dalevon Campbell,4569372
Isaiah Williams,4569371
Miles Sanders,4045163
Jordan Whittington,4569382
Cam Brown,4045165
Zech McPhearson,4045161
Tommy Tremble,4372780
Jonathan Garibay,4569390
Marcus Jones,4241720
Chris Jones,14723
Devaughn Vele,4569559
Falcons D/ST,-16001
Bills D/ST,-16002
Bears D/ST,-16003
Bengals D/ST,-16004
Browns D/ST,-16005
Cowboys D/ST,-16006
Broncos D/ST,-16007
Derrek Pitts,4241884
Lions D/ST,-16008
Packers D/ST,-16009
Titans D/ST,-16010
Colts D/ST,-16011
John Bullock,4569563
Chiefs D/ST,-16012
Raiders D/ST,-16013
Rams D/ST,-16014
Dolphins D/ST,-16015
Vikings D/ST,-16016
Patriots D/ST,-16017
Saints D/ST,-16018
Giants D/ST,-16019
Jets D/ST,-16020
Eagles D/ST,-16021
Cardinals D/ST,-16022
Marquise Copeland,3914150
Steelers D/ST,-16023
Chargers D/ST,-16024
Ty Robinson,4569586
49ers D/ST,-16025
Seahawks D/ST,-16026
Buccaneers D/ST,-16027
Commanders D/ST,-16028
Panthers D/ST,-16029
Josiah Deguara,3914151
Jaguars D/ST,-16030
Ravens D/ST,-16033
Texans D/ST,-16034
Wan'Dale Robinson,4569587
Sam Webb,4700660
Markquese Bell,4241921
Cameron Mitchell,4569607
Evan Hull,4569609
Brandon Joseph,4569604
Malik Washington,4569603
C.J. Ravenell,4700676
Ben Mason,4258190
Garret Wallow,4241807
Kwity Paye,4258194
Donovan Peoples-Jones,4258195
Brad Robbins,4258197
Sam Okuayinonu,4569497
Tyler Davis,3914240
Sam Ehlinger,4241820
Ian Thomas,4045305
Benjamin St-Juste,4258206
Marcelino McCrary-Ball,4045299
Ambry Thomas,4258209
Luiji Vilain,4258210
Drake Jackson,4569511
Raheem Layne,4258237
Peyton Hendershot,4258248
Shaun Wade,4241995
Audric Estime,4569682
Maurice Alexander,3914307
Levi Drake Rodriguez,5093973
Ryan Tannehill,14876
Kirk Cousins,14880
Russell Wilson,14881
Mike Hilton,2980383
C.J. Ham,4012556
Garrett Wilson,4569618
Melvin Ingram,14926
Anthony McFarland Jr.,4241941
Kalon Barnes,4373017
Ronnie Hickman,4569620
Jeffrey Bassa,4602389
Fletcher Cox,14941
Stephon Gilmore,14942
Harrison Smith,14945
Bruce Irvin,14946
Ben Sims,4373030
Cam Grandy,4700712
Bryan Anger,14950
Connor Heyward,4241961
Demario Davis,14958
Josiah Scott,4241977
Cody White,4241983
Jeff Okudah,4241984
Andy Isabella,3914328
J.K. Dobbins,4241985
Jamaal Williams,2980453
Chase Young,4241986
Bobby Wagner,14979
Baron Browning,4241987
Ekow Boye-Doe,4373061
Lavonte David,14985
Pete Werner,4241993
Greg Zuerlein,14993
Montaric Brown,4242149
Kam Curl,4242154
Haason Reddick,2980504
T.J. Sanders,4684527
Deone Walker,4831989
Scotty Miller,3914397
Anthony Kendall,5143279
Jonathan Harris,4422407
Ashton Gillotte,4684432
Ashton Dulin,4061956
Marvin Jones Jr.,15072
Justin Bethel,15089
Randy Bullock,15091
Jon Rhattigan,4258485
Kamari Lassiter,4602699
Josh Norman,15124
Kyric McGowan,4242270
Mekhi Wingo,4586333
Johnny Hekker,15153
Earnest Brown IV,4242292
Case Keenum,15168
Jaylen Warren,4569987
Antoine Green,4373266
Timmy Horne,4045701
British Brooks,4373273
K'Lavon Chaisson,4242205
Jacob Phillips,4242206
Patrick Queen,4242207
Grant Delpit,4242208
Kurt Hinish,4258594
Cole Kmet,4258595
Clyde Edwards-Helaire,4242214
Jeremiah Owusu-Koramoah,4258599
Jaylin Lane,4602667
Rodney McLeod Jr.,15222
Neil Farrell,4242234
Andre Szmyt,4258620
Michael Thomas,15231
Tashaun Gipson Sr.,15235
Jaylin Noel,4586312
Andy Borregales,4569923
Erick Hallett,4373320
Efe Obada,3734467
Tre Flowers,3046326
Brock Wright,4242392
Brennan Jackson,4373471
Elijah Hicks,4242402
Jerrick Reed II,4570084
Daniel Scott,4242415
John Johnson III,3046292
Matt Milano,3046287
Ryder Anderson,4242430
Ty Chandler,4242431
Joshua Palmer,4242433
Theo Jackson,4242436
Alex Wright,4570119
Princeton Fant,4242442
Qwan'tez Stiggers,5208977
Josh Woods,3128303
Faion Hicks,4242333
Jonathan Taylor,4242335
Kader Kohou,4291489
Keith Kirkwood,3046401
Juwann Winfree,3128317
Jackson Meeks,4602788
Kai Kroeger,4570033
Karl Brooks,4373423
Jake Ferguson,4242355
Byron Murphy II,4570040
Matt Henningsen,4242358
Terrance Ferguson,4570037
Jaquan Brisker,4570044
Matt Bushman,4242369
Austin Faoliu,4242509
Malik Willis,4242512
Chandler Wooten,4242515
Noah Igbinoghene,4242516
Anders Carlson,4242519
K.J. Britt,4242521
John Samuel Shenker,4242526
Allen Lazard,3128390
Isaiah Hodgins,4242540
Davis Mills,4242546
Paulson Adebo,4242547
Tyler Allgeier,4373626
Hunter Henry,3046439
Colby Parkinson,4242557
Nick Nash,4570242
Tucker Fisk,4242558
Dallin Holker,4373634
Jaren Hall,4373632
Dax Milne,4373642
Courtland Sutton,3128429
Matthew Butler,4242457
Jordan Akins,3128452
Tre'Quan Smith,3128451
Matthew Wright,3128444
Jason Myers,2473037
Thomas Graham Jr.,4242485
Brandon Bolden,15478
Deommodore Lenoir,4242488
Chris Paul Jr.,4602943
Johnny Johnson III,4242504
Jerry Jacobs,4373578
Ellis Merriweather,4685016
Allan George,4242655
Dayo Odeyingbo,4242659
Michael Pratt,4685039
Rigoberto Sanchez,3914922
Zach Evans,4685035
Benjamin Morrison,4816107
Jake Bailey,3931395
Justin Reid,3931399
Trenton Irwin,3931391
Khalil Shakir,4373678
Scott Matlock,4373684
Jahdae Walker,5160110
Mekhi Garner,4570294
Markees Watts,4373706
Jake Tonges,4259147
Chris Lammons,3128630
Jaylon Jones,4685145
Geoff Swaim,3046704
Terrel Bernard,4259166
Trestan Ebner,4259169
Harrison Hand,4259170
Nahshon Wright,4570470
Marcus Harris,4570469
James Lynch,4259181
Dane Cruikshank,3931422
Demetrius Flannigan-Fowles,3931424
Nick Whiteside,5143915
Justin Tucker,15683
Parker Hesse,3144991
Casey Toohill,3931408
Kirk Merritt,3915145
Armon Watts,3128685
Jalen Graham,4570410
David Bell,4570409
Jared Goff,3046779
Ryan Watts,4685092
Jack Bech,4603186
Jevon Holland,4373809
Kahlef Hailassie,4373814
Sai'vion Jones,4603189
Cody Lindenberg,4685126
